Country,Continent,GDP (Millions)
United States,North America,14260000
Japan,Asia,5068000
Peoples Republic of China,Asia,4909000
Germany,Europe,3353000
France,Europe,2676000
United Kingdom,Europe,2184000
Italy,Europe,2118000
Brazil,South America,1574000
Spain,Europe,1464000
Canada,North America,1336000
Russia,Asia,1255000
India,Asia,1236000
Mexico,North America,1017000
Australia,Oceana,997200
South Korea,Asia,832500
Netherlands,Europe,794800
Turkey,Asia,615300
Indonesia,Asia,539400
Switzerland,Europe,494600
Belgium,Europe,470400
Poland,Europe,430200
Sweden,Europe,405400
Norway,Europe,383000
Austria,Europe,381900
Saudi Arabia,Asia,369700
Venezuela,South America,337300
Greece,Europe,330800
Iran,Asia,330500
Argentina,South America,310100
Denmark,Europe,309300
South Africa,Africa,287200
Thailand,Asia,263900
Finland,Europe,238100
United Arab Emirates,Asia,230000
Colombia,South America,228800
Portugal,Europe,227900
Ireland,Europe,227800
Czech Republic,Europe,194800
Israel,Asia,194800
Malaysia,Asia,191500
Egypt,Africa,188000
Singapore,Asia,177100
Nigeria,Africa,173400
Pakistan,Asia,166500
Chile,South America,161800
Romania,Europe,161500
Philippines,Asia,161000
Algeria,Africa,140800
Hungary,Europe,129400
Peru,South America,126800
New Zealand,Oceana,117800
Ukraine,Europe,116200
Kuwait,Asia,111300
Kazakhstan,Asia,109300
Bangladesh,Asia,94510
Vietnam,Asia,92440
Morocco,Africa,90820
Slovakia,Europe,88210
Qatar,Asia,83910
Angola,Africa,68760
Iraq,Asia,65840
Croatia,Europe,63190
Libya,Africa,60350
Ecuador,South America,57300
Cuba,North America,56030
Sudan,Africa,54680
Oman,Asia,53400
Syria,Asia,52520
Luxembourg,Europe,51740
Slovenia,Europe,49220
Belarus,Europe,48970
Bulgaria,Europe,47100
Azerbaijan,Europe,43110
Serbia,Europe,42880
Sri Lanka,Asia,41320
Tunisia,Africa,40170
Guatemala,North America,37300
Lebanon,Asia,33590
Uzbekistan,Asia,32820
Kenya,Africa,32720
Ethiopia,Africa,32320
Turkmenistan,Asia,31860
Uruguay,South America,31530
Costa Rica,North America,29320
North Korea,Asia,27800
Burma,Asia,27550
Burma,Asia,27550
Latvia,Europe,26250
Yemen,Asia,25130
Panama,North America,24710
Cyprus,Europe,23600
Jordan,Asia,22930
Tanzania,Africa,22320
Estonia,Europe,19120
Bolivia,South America,17550
Bosnia and Herzegovina,Europe,17130
Uganda,Africa,15740
Ghana,Africa,15510
Equatorial Guinea,Africa,12220
Iceland,Europe,12130
